trade_id,date,time,side,reason,price,position_before_pct,position_after_pct,delta_pct,realized_pnl,capital_after,final_score,legacy_score,trend_score,signal_score,norm_short,norm_long,regime,risk_scale,target_position_pct,direction,speed,mfe_pct,mae_pct,end_return_pct,ret_100_pct,ret_300_pct,ret_1000_pct,ticks_to_mfe
1,2019-07-17,09:36:55,buy,signal,6.0906,0.0,30.01,30.01,-30.0,99967.0,0.4732,0.5297,0.5339,0.4184,0.6835,0.5787,uptrend,1.0,62.89,up,0.4184,1.9603979903457742,0.6666009916921225,0.482711062949461,-0.009851246182648309,-0.3382261189373781,0.8110859357041909,3174
3,2019-07-18,10:23:23,buy,signal,6.0506,8.16,27.58,19.42,-19.36,99689.09,0.1856,0.1168,0.2158,0.298,0.1758,-0.1247,reversal_watch,1.0,38.16,up,0.298,1.1469936865765362,0.3404621029319398,0.320629359071829,-0.1751892374310013,0.15535649357087575,-0.00991637193006277,1717
6,2019-07-23,09:56:17,buy,signal,5.8906,0.0,29.05,29.05,-28.74,98922.68,0.1259,0.1308,0.1862,-0.1531,-0.0047,-0.0349,uptrend,1.0,29.28,up,0.3364,0.8386242488031835,0.6892336943605135,0.8386242488031835,-0.010185719621097647,0.15957627406376765,0.15957627406376765,1342
7,2019-07-25,11:11:59,buy,signal,6.0906,29.75,58.42,28.68,-28.63,99867.09,0.4269,0.4437,0.3437,0.6898,0.8899,0.4662,uptrend,1.0,58.41,up,0.6898,0.31852362657209604,0.9949758644468523,-0.8307884280694874,0.1543361901947166,-0.1740386825600132,-0.5024135553147576,32
11,2019-07-26,13:28:58,buy,signal,6.0406,12.76,31.05,18.29,-18.12,99068.1,0.3997,0.4529,0.3295,0.5248,0.6837,0.5476,uptrend,1.0,55.78,up,0.5248,0.9833460252292691,0.17547925702745032,0.6522530874416391,-0.009932788133635366,0.1556136807601796,0.32116014965399453,1999
12,2019-07-29,09:43:04,buy,signal,6.1006,31.27,50.22,18.95,-18.83,99353.01,0.3422,0.3167,0.301,0.5421,0.5877,0.2696,uptrend,1.0,50.21,up,0.5421,0.9736747205192952,0.6655083106579749,-0.009835098187069765,0.8097564174015726,0.48191981116611265,-0.1737534013047924,249
14,2019-07-30,10:42:42,buy,signal,6.1906,35.47,53.7,18.23,-18.2,99880.83,0.5122,0.5836,0.4543,0.6834,0.9527,0.6545,uptrend,1.0,66.66,up,0.6834,0.3133783478176604,1.1404387296869412,-0.1712273446838782,0.15184311698381897,-0.1712273446838782,-0.33276257551771965,65
17,2019-08-01,11:06:03,buy,signal,6.0206,21.91,46.23,24.32,-24.08,99024.71,0.3363,0.3657,0.3874,0.5867,0.8481,0.0516,up_exhaustion,1.0,49.64,up,0.5867,0.8205162276185153,0.5082549911968863,0.8205162276185153,0.1561306182108145,0.1561306182108145,0.1561306182108145,1987
19,2019-08-02,10:44:32,buy,signal,5.9606,29.85,54.02,24.17,-23.84,98657.69,0.3852,0.4229,0.3513,0.5644,0.803,0.4121,reversal_watch,1.0,54.37,up,0.5644,0.3254705902090408,1.0166761735395764,0.15770224474045244,-0.01006610072812096,-0.01006610072812096,-0.8489078280710028,96
23,2019-08-06,13:53:02,buy,signal,5.6806,0.0,30.01,30.01,-29.46,98171.88,0.512,0.5764,0.5306,0.6562,0.807,0.5705,reversal_watch,1.0,66.64,up,0.6562,0.6935887054184356,0.5386754920254856,0.5175509629264491,-0.010562264549526072,0.16547547794247608,0.16547547794247608,1164
26,2019-08-08,13:31:39,buy,signal,5.6406,0.0,30.01,30.01,-29.33,97738.32,0.2754,0.3062,0.3454,0.4262,0.4023,0.1423,up_exhaustion,0.8,37.41,up,1.0,0.3439350423713804,0.7197815835194911,-0.5424954792043353,-0.3652093748891953,-0.010637166258915328,-0.5424954792043353,20
28,2019-08-12,10:11:01,buy,signal,5.9006,16.35,33.3,16.95,-16.67,98338.93,0.2173,0.1469,0.2488,0.2625,0.2247,0.0296,uptrend,0.8,33.29,up,0.4934,4.396163102057423,0.5185913296952808,4.396163102057423,0.4982544148052719,-0.5185913296952808,0.6677287055553766,4527
29,2019-08-12,10:54:05,buy,signal,6.0006,33.67,46.54,12.87,-12.72,98879.89,0.6531,0.7324,0.6789,0.7895,1.0562,0.7244,uptrend,0.8,64.0,up,0.7895,2.656401026564006,0.6765990067659969,2.656401026564006,0.15665100156650016,-0.009999000099996299,-0.009999000099996299,3488
31,2019-08-13,09:36:42,buy,signal,6.1906,33.26,63.28,30.02,-29.97,99874.7,0.547,0.5183,0.586,0.8086,0.8644,0.37,uptrend,1.0,70.03,up,1.0,6.613252350337604,0.6558330371854025,1.2825897328207234,-0.1712273446838782,-0.00969211385002245,-0.33276257551771965,7448
35,2019-08-14,09:45:55,buy,signal,6.4906,20.3,33.09,12.79,-12.98,101487.82,0.459,0.479,0.4558,0.596,0.7933,0.4447,uptrend,1.0,61.51,up,0.596,0.761100668659297,3.0906233630172815,-2.3202785566819686,-0.009244137676015928,0.14482482359104393,-0.3173820602101493,470
36,2019-08-14,09:47:44,buy,signal,6.5007,33.13,46.58,13.45,-13.65,101524.56,0.345,0.3448,0.2974,0.4995,0.4902,0.3313,uptrend,1.0,50.48,up,0.89,0.6045502792006998,3.2411894103711925,-2.4720414724568167,0.14306151645206888,0.45072069161782735,-0.4722568338794344,208
38,2019-08-15,10:06:18,buy,signal,6.4906,33.74,48.47,14.73,-14.93,101441.08,0.3241,0.2728,0.2961,0.5425,0.6676,0.429,uptrend,1.0,48.46,up,0.5425,7.386066003143007,0.9336579052784024,5.999445351739442,-0.16331309894307577,-0.3173820602101493,-0.009244137676015928,12004
40,2019-08-15,10:37:12,buy,signal,6.5007,33.97,49.24,15.27,-15.48,101438.15,0.5831,0.5697,0.6166,0.8554,1.0689,0.4328,uptrend,1.0,73.53,up,1.0,7.21922254526435,0.16459765871367593,5.834756257018471,0.14306151645206888,0.7583798667835722,1.3736982171150756,8868
42,2019-08-16,09:45:06,buy,signal,6.9207,35.85,53.54,17.69,-18.35,103798.67,0.3765,0.3774,0.3419,0.5355,0.757,0.541,uptrend,1.0,53.53,up,0.5606,1.0013437947028498,3.333477827387398,-2.611007557039026,-0.4435967459939081,-0.1546086378545513,-0.010114583784879347,1273
45,2019-08-19,09:30:52,buy,signal,6.9507,21.82,41.75,19.93,-20.57,103215.72,0.4213,0.4425,0.4682,0.424,0.3356,0.1848,uptrend,1.0,57.86,up,0.6511,0.42154027651891324,2.887478958953779,-1.0171637389040014,-0.4416821327348381,-1.161034140446289,-2.168126951242328,9896
47,2019-08-20,09:35:03,buy,signal,6.9907,21.65,36.35,14.69,-15.1,102761.03,0.2196,0.2266,0.2017,0.1759,0.1485,0.2714,uptrend,1.0,38.35,up,0.3084,2.135694565637194,2.0126739811463903,-1.01134364226759,-0.1530604946571864,0.4191282704163991,0.848269844221601,1284
48,2019-08-20,09:38:23,buy,signal,7.0607,36.58,50.96,14.38,-14.83,103118.78,0.4039,0.4187,0.4377,0.4292,0.7246,0.4286,uptrend,1.0,56.18,up,0.5323,1.1231181044372363,2.984123387199571,-1.9927202685286138,0.2733440027192816,0.9814890874842459,0.41497301967227196,215
50,2019-08-21,09:56:47,buy,signal,7.0307,35.61,53.24,17.63,-18.13,102835.96,0.3734,0.4006,0.348,0.45,0.6877,0.3656,uptrend,1.0,53.23,up,0.649,0.13227701366861966,3.13908999103931,-2.427923250885404,-0.009956334362156613,-0.29442303042372175,-0.7211230745160505,83
54,2019-09-02,10:03:31,buy,signal,6.8307,5.92,35.93,30.01,-30.37,101209.63,0.5219,0.5062,0.5328,0.781,0.8724,0.4117,uptrend,0.8,54.91,up,0.9408,2.0393224706106183,1.1814308928806743,1.6001288301345422,-0.15664573176980295,-0.5958393722458926,-0.4494414920872003,4067
55,2019-09-03,09:59:01,buy,signal,7.0207,36.56,55.34,18.78,-19.18,102200.03,0.5278,0.5549,0.5291,0.7088,0.8604,0.4758,uptrend,0.8,55.33,up,0.7088,3.2660560912729544,0.5797142735054809,1.4143888786018544,0.4173373025481804,-0.009970515760538763,0.5597732419844159,5222
59,2019-09-04,14:00:18,buy,trailing_stop,7.0907,5.14,17.88,12.73,-13.05,102458.86,0.2715,0.268,0.2474,0.3167,0.5288,0.0851,uptrend,1.0,20.0,up,0.3511,1.5414557095914392,0.009872085971767877,1.5414557095914392,0.2721875132215482,0.5542471124148517,0.5542471124148517,2098
60,2019-09-04,14:48:00,buy,signal,7.1707,18.04,31.02,12.98,-13.32,102650.86,0.2851,0.2946,0.2141,0.4007,0.3344,0.2301,uptrend,1.0,32.0,up,0.9509,0.4086072489436193,0.288674745840709,0.4086072489436193,-0.00976194792698265,-0.00976194792698265,0.4086072489436193,513
61,2019-09-05,09:47:56,buy,signal,7.1807,31.05,44.48,13.43,-13.79,102680.11,0.3254,0.2837,0.3434,0.4363,0.443,0.1647,uptrend,1.0,48.59,up,0.6154,3.332544180929437,1.2631080535323853,-0.8453214867631256,0.2687760246215594,0.12951383569847688,-0.14901054214770051,6021
63,2019-09-05,10:53:11,buy,signal,7.2607,31.36,45.46,14.09,-14.52,103043.36,0.5161,0.6047,0.4863,0.5976,0.9081,0.8246,uptrend,1.0,67.04,up,0.5976,2.1940033330119686,2.351012987728457,-1.9378296858429604,0.4035423581748331,-0.009640943710663503,-0.4228242455961479,3269
65,2019-09-09,13:18:10,buy,signal,7.2907,31.88,61.9,30.02,-30.98,103225.99,0.4664,0.5057,0.4643,0.5634,0.8303,0.4737,uptrend,1.0,62.23,up,0.5634,0.40188184947947525,1.7926948029681655,0.1275597679235141,0.1275597679235141,-0.14676231363243492,-0.8325675175223196,206
68,2019-09-10,13:12:09,buy,signal,7.1907,34.11,48.96,14.84,-15.21,102519.68,0.3291,0.3453,0.2761,0.4392,0.6822,0.3112,uptrend,1.0,48.95,up,0.4392,2.4934985467339823,0.14880331539349345,1.659087432377932,0.26840224178453165,-0.009734796334143503,0.8246763180218943,1977
71,2019-09-11,10:45:17,buy,signal,7.2207,19.8,40.49,20.68,-21.32,103087.79,0.2416,0.146,0.274,0.3696,0.2533,-0.0493,uptrend,1.0,40.48,up,0.996,-0.00969435096320502,1.3946016314207734,-1.3946016314207734,-0.4251665351004682,-0.2866758070547138,-0.4251665351004682,2
73,2019-09-12,14:12:38,buy,signal,7.1107,26.22,44.18,17.96,-18.41,102495.95,0.2798,0.2541,0.3016,0.2997,0.5236,0.18,uptrend,1.0,44.18,up,0.323,0.27142194158100214,0.43174371018323804,-0.2911105798303925,0.13078881122815658,-0.2911105798303925,-0.2911105798303925,59
76,2019-12-06,09:32:35,buy,signal,7.3307,9.96,24.01,14.06,-14.37,102207.87,0.3463,0.3545,0.3535,0.3794,0.3508,0.4481,uptrend,0.8,42.45,up,0.3794,1.4909899463898424,1.5100877133152422,-0.8280246088368183,-0.009548883462699945,-0.009548883462699945,-0.1459615043583823,2171
77,2019-12-06,09:48:48,buy,signal,7.4107,24.21,40.05,15.83,-16.22,102457.92,0.365,0.4497,0.2223,0.5168,0.735,0.5601,uptrend,0.8,43.78,up,0.5168,0.39537425614314575,2.5733061654094826,-1.8986060696020717,0.1254942178201741,-0.4142658588257572,-0.8190859163102088,11
78,2019-12-09,09:54:04,buy,signal,7.4107,40.05,59.74,19.69,-20.16,102435.74,0.5898,0.6569,0.5177,0.8752,1.0469,0.7921,uptrend,0.8,59.73,up,0.8752,0.6652542944661054,1.8986060696020717,-1.6287260312790999,0.2604342369816539,0.2604342369816539,-0.4142658588257572,240
81,2019-12-10,13:41:11,buy,signal,7.3807,31.62,55.6,23.98,-24.5,102207.04,0.4849,0.5459,0.444,0.6213,0.8847,0.7487,uptrend,1.0,64.02,up,0.6213,1.345400842738499,0.28046120286693293,0.12600430853441602,-0.14497269906648327,0.2614928123348777,0.6679583237362267,692
83,2019-12-11,10:17:50,buy,signal,7.4407,39.06,53.57,14.5,-14.88,102633.76,0.4072,0.4942,0.347,0.4408,0.6283,0.5403,uptrend,1.0,56.51,up,0.4408,0.931363984571346,1.4877632480814922,-1.4877632480814922,-0.278199631755073,-0.278199631755073,0.7969680272017465,1100
86,2019-12-12,10:00:25,buy,signal,7.4907,14.64,29.29,14.65,-14.98,102280.27,0.5885,0.7001,0.5125,0.7741,0.9762,0.9054,uptrend,1.0,74.04,up,0.7741,4.129120108935072,0.4098415368390189,0.25765282283363944,-0.14284379296994848,-0.009344921035419184,0.1241539508991101,6043
87,2019-12-12,10:07:53,buy,signal,7.5308,29.4,44.11,14.71,-15.06,102423.69,0.4606,0.5419,0.3606,0.6355,0.7381,0.7224,uptrend,1.0,61.67,up,0.6355,3.5746534232750795,0.9401391618420379,-0.27619907579540515,-0.010623041376744993,-0.4089870930047294,-0.4089870930047294,5374
90,2019-12-16,13:05:17,buy,signal,7.6808,11.25,25.74,14.49,-14.9,102856.03,0.1338,0.0889,0.0418,0.2664,0.1325,0.0953,uptrend,1.0,30.04,up,0.3358,0.5103635038016889,0.9217789813560997,0.5103635038016889,-0.27080512446619476,-0.14061035308821607,0.11977918966775288,4263
91,2019-12-16,13:33:55,buy,signal,7.6908,25.76,40.72,14.95,-15.38,102873.58,0.4655,0.5154,0.3895,0.675,0.9294,0.5535,uptrend,1.0,62.15,up,0.675,0.3796744161855652,1.0506059187600767,0.3796744161855652,0.11962344619545268,-0.14042752379467138,-0.40047849378478395,3272
93,2019-12-18,09:40:11,buy,signal,7.7608,26.68,49.41,22.73,-23.44,103117.95,0.344,0.3628,0.3111,0.425,0.4519,0.3533,uptrend,1.0,50.39,up,0.425,0.891660653540877,2.0719513452221427,-1.6853932584269637,-0.1391609112462594,0.24739717554891957,0.5051025667456979,890
96,2019-12-19,10:00:46,buy,signal,7.5308,22.42,42.86,20.45,-20.88,102116.78,0.2662,0.2764,0.2446,0.2686,0.6162,0.2913,uptrend,1.0,42.86,up,0.2686,2.777925320019122,0.143411058586081,1.8484091995538292,-0.143411058586081,0.3877410102512276,0.3877410102512276,4786
99,2019-12-23,09:58:11,buy,signal,7.4907,16.52,44.34,27.82,-28.35,101925.2,0.3728,0.3403,0.3684,0.5509,0.5976,0.2059,uptrend,0.8,44.33,up,1.0,0.6581494386372392,2.812821231660594,-2.545823487791535,-0.009344921035419184,0.1241539508991101,-0.14284379296994848,401
102,2019-12-24,09:54:51,buy,signal,7.3207,0.0,22.06,22.06,-22.28,101002.26,0.0889,0.0326,0.0424,0.1189,0.048,-0.0268,uptrend,0.52,22.05,up,0.1289,2.8590162142964446,0.5559577636018438,2.7224172551805035,-0.28275984536998655,-0.28275984536998655,0.4002349502096687,5587
103,2019-12-25,10:09:03,buy,signal,7.6808,22.89,36.9,14.01,-14.3,102082.17,0.5149,0.5316,0.4792,0.7773,0.8715,0.4025,uptrend,0.52,36.89,up,0.7773,7.41068638683471,0.6613894386001424,4.286011873763152,-0.010415581710237369,-0.14061035308821607,0.5103635038016889,8597
105,2019-12-25,13:18:06,buy,signal,8.1708,22.74,38.17,15.43,-16.09,104309.89,0.5808,0.6038,0.6031,0.7851,0.9169,0.4816,uptrend,1.0,73.3,up,0.7851,0.11259607382385906,3.4366279923630514,-1.9679835511822594,-0.4993391100014571,-0.6217261467665421,-0.8665002202966686,4
107,2019-12-27,09:32:29,buy,signal,8.1108,22.44,35.59,13.16,-13.66,103864.7,0.1911,0.1725,0.1808,0.1654,0.2478,0.3947,uptrend,1.0,35.59,up,0.1654,0.48330620900528937,3.338758198944611,-3.338758198944611,0.1134290082359308,-0.5030329930462971,-1.2427873945849923,57
109,2020-01-06,10:04:08,buy,signal,8.1208,20.18,41.64,21.46,-22.25,103690.07,0.5723,0.6668,0.5457,0.69,1.0192,0.6144,uptrend,1.0,72.48,up,0.69,2.3298197221948747,0.5024135553147357,0.728992217515523,0.23642990838342823,0.6058516402324993,0.35957048566645194,4430
111,2020-01-07,09:36:43,buy,signal,8.3008,29.58,45.49,15.9,-16.6,104407.2,0.558,0.6042,0.5836,0.6783,0.8405,0.6027,uptrend,1.0,71.1,up,0.6783,0.8336545875096206,0.9734001542020044,0.47224363916729994,-0.6119892058596836,-0.13010794140325602,0.7131842713955138,1434
113,2020-01-07,10:18:41,buy,signal,8.3108,31.84,45.95,14.11,-14.74,104501.11,0.4319,0.4283,0.4084,0.636,0.8487,0.3504,uptrend,1.0,58.89,up,0.636,0.5920007700822907,1.0925542667372548,0.3513500505366445,0.23102469076382132,0.11069933099099814,-0.49092746787313896,6097
115,2020-01-08,10:03:37,buy,signal,8.2708,32.07,50.07,18.0,-18.77,104285.52,0.3406,0.3783,0.2801,0.4254,0.7144,0.4319,uptrend,1.0,50.06,up,0.4254,0.836678434976065,2.4278183488900615,-1.8232819074333835,0.2321419935193653,0.836678434976065,-0.37239444793731286,276
118,2020-01-10,09:42:04,buy,signal,8.2508,11.65,27.5,15.84,-16.5,104145.1,0.2462,0.214,0.2823,0.2216,0.2207,0.0985,uptrend,1.0,40.93,up,0.3841,-0.009696029475928538,2.7973045038056954,-1.8277015562127341,-0.6156978717215376,-0.8580986086197726,-0.9792989770688901,4
119,2020-01-10,13:14:16,buy,signal,8.0508,27.01,41.46,14.44,-14.94,103434.42,0.2637,0.1474,0.3379,0.3844,0.4806,-0.028,uptrend,1.0,42.61,up,0.5496,1.232175684404031,0.3825706762061043,0.6111193918616662,0.36269687484472907,-0.0099369006806766,0.36269687484472907,1394
120,2020-01-13,10:29:53,buy,signal,8.1608,41.79,57.48,15.7,-16.32,104002.39,0.5541,0.6108,0.5212,0.7553,1.0058,0.5983,uptrend,1.0,70.72,up,0.7553,0.9704930889128537,0.8675620037251274,0.8479560827369911,-0.13233996666993064,-0.13233996666993064,-0.25487697284579314,5629
122,2020-01-13,13:58:11,buy,signal,8.2108,40.37,54.63,14.27,-14.87,104288.59,0.4778,0.4533,0.504,0.6845,0.8543,0.3765,uptrend,1.0,63.33,up,0.7107,0.3556291713353077,0.7404881375749063,0.23383835923417523,-0.49690651337264125,-0.6186973254737738,-0.13153407706924386,1767
124,2020-01-15,13:33:47,buy,signal,8.0208,38.37,55.94,17.58,-18.14,103232.15,0.4013,0.365,0.3888,0.6325,0.825,0.1249,uptrend,1.0,55.93,up,0.6325,1.735487731897076,0.009974067424694694,1.4861360462796864,0.11470177538400003,0.11470177538400003,0.7380809894274959,2239
128,2020-01-16,13:49:01,buy,signal,8.2408,7.73,23.57,15.84,-16.48,104046.63,0.2508,0.2855,0.1965,0.241,0.4615,0.5396,uptrend,1.0,41.37,up,0.2983,0.47568197262400785,0.8591398893311352,-0.616445005339295,-0.00970779535967275,0.3543345306280877,-0.13105523735559288,244
129,2020-01-16,13:53:51,buy,signal,8.2608,23.62,37.75,14.14,-14.71,104089.97,0.3027,0.2633,0.3508,0.3285,0.4102,0.1787,uptrend,1.0,46.39,up,0.4441,0.11136935889986292,1.0991671508812677,-0.857059848925046,-0.009684292078248013,-0.4938988959906917,-0.857059848925046,79
130,2020-01-17,14:14:07,buy,signal,8.1008,37.29,51.66,14.37,-14.84,103312.45,0.3571,0.3554,0.331,0.4871,0.5315,0.1986,uptrend,1.0,51.65,up,0.4871,0.11356903021923608,0.6270985581670804,-0.5036539601026944,-0.009875567845150009,0.11356903021923608,-0.6270985581670804,14
132,2020-01-20,09:57:03,buy,signal,8.0508,36.04,56.16,20.12,-20.72,103001.94,0.5394,0.5656,0.5075,0.7966,0.9371,0.4957,uptrend,0.8,56.15,up,0.7966,3.0953445620311033,0.25835941769763576,3.0953445620311033,0.2384856163362605,0.11427435782779195,0.4869081333531976,6236
135,2020-01-21,14:28:34,buy,signal,8.0708,29.99,45.71,15.72,-16.25,103377.84,0.2956,0.2794,0.2847,0.3704,0.4799,0.1761,uptrend,1.0,45.71,up,0.845,0.11399117807404315,0.7533330029241266,-0.5055260940675129,-0.13381573078257047,-0.2577191852108773,-0.5055260940675129,22
139,2020-01-22,09:42:10,buy,signal,7.8708,0.1,23.84,23.74,-24.4,102740.96,0.2323,0.1844,0.2672,0.2328,0.3507,0.2584,uptrend,0.8,34.35,up,0.3973,4.1825481526655395,1.1536311429587813,3.1661330487370942,-0.2642679270214003,-0.6454235909945588,-0.8995273669766758,5919
140,2020-01-23,10:01:46,buy,signal,8.3508,24.93,38.5,13.57,-14.14,104219.34,0.5744,0.6949,0.4839,0.7524,0.9741,0.9171,uptrend,0.8,58.64,up,0.7524,3.582890262010835,3.2428030847343905,-0.847822963069409,0.11016908559658807,0.34966709776310323,0.9484121281793381,3208
141,2020-01-23,10:08:07,buy,signal,8.4408,38.76,52.42,13.66,-14.29,104636.14,0.4867,0.5576,0.4477,0.5983,0.7476,0.8412,uptrend,0.8,52.41,up,0.5983,2.4784380627428795,4.27447635295232,-1.9050326983224346,0.3459387735759789,-0.00947777461851853,-0.483366505544487,2208
145,2020-02-07,10:42:26,buy,signal,7.6008,0.0,16.66,16.66,-16.72,100358.29,0.0408,0.0129,-0.0229,-0.0126,0.0738,0.1054,uptrend,0.8,20.77,up,0.3098,2.0945163666982456,1.3261761919797859,1.0419955794126956,-0.14209030628354516,0.12103989053784817,-0.5367856015156293,4789
146,2020-02-07,11:13:26,buy,signal,7.5608,16.59,30.0,13.42,-13.45,100255.5,0.2275,0.2083,0.2235,0.2279,0.4762,0.3295,uptrend,0.8,34.01,up,0.2279,2.634641836842654,0.1428420272987063,1.576552745741182,0.2539413818643485,0.5184636546397104,0.7829859274150842,3451
147,2020-02-10,09:31:48,buy,signal,7.6708,30.31,44.34,14.03,-14.13,100677.63,0.3729,0.3774,0.3208,0.553,0.5399,0.2675,uptrend,0.8,44.34,up,0.553,3.248683318558691,0.14079365907075791,2.7272253220003138,1.032486833185589,0.9021223340459974,1.423580330604375,3319
149,2020-02-10,10:17:34,buy,signal,7.8708,31.55,47.04,15.49,-15.74,101617.4,0.3755,0.4131,0.3842,0.3654,0.8786,0.5465,uptrend,1.0,53.43,up,0.3654,0.6250952889159922,1.661838694923004,0.11688773695176952,-0.010164151039283325,0.3709915129338865,0.11688773695176952,258
151,2020-02-11,09:37:43,buy,signal,7.8608,32.92,45.62,12.7,-12.89,101508.52,0.2946,0.3277,0.234,0.3444,0.4493,0.2934,uptrend,1.0,45.61,up,0.4718,3.551801343374724,1.7911662935070283,2.788520252391612,-0.13739059637696655,0.4986769794422975,-0.7734581721962193,15187
153,2020-02-11,11:22:38,buy,signal,7.7908,31.75,48.18,16.43,-16.62,101168.65,0.3211,0.3401,0.2856,0.3837,0.6266,0.4133,uptrend,1.0,48.17,up,0.3837,4.482209785901327,0.523694614160291,3.712070647430304,0.24644452431072114,0.37480104738923264,1.0165836627817446,9074
156,2020-02-12,10:08:18,buy,signal,8.0508,20.08,50.1,30.01,-30.69,102280.81,0.5132,0.542,0.5293,0.6478,0.7965,0.3565,uptrend,1.0,66.76,up,0.6478,4.337457147115811,1.1278382272569265,3.8406121130819146,-0.0099369006806766,0.11427435782779195,-0.25835941769763576,10203
158,2020-02-13,09:46:25,buy,signal,8.3608,35.94,59.0,23.06,-23.88,103599.69,0.4328,0.4701,0.3794,0.5974,0.7643,0.5419,uptrend,1.0,58.99,up,0.5974,8.841259209645013,0.48799157975312246,5.372691608458535,-0.24878002105061103,0.7080662137594559,1.7845182279207787,11420
161,2020-02-14,09:47:54,buy,signal,8.9409,30.18,60.2,30.02,-31.83,106068.18,0.4935,0.5128,0.4579,0.728,0.8368,0.4784,uptrend,1.0,64.85,up,0.728,2.3386907358319764,3.3654330100996397,-1.7995951190596007,0.2136250265633401,0.8846984084376338,0.6610072811462026,1605
165,2020-02-17,10:29:11,buy,signal,9.0009,10.87,27.86,17.0,-18.0,105909.51,0.4398,0.5249,0.4348,0.4069,0.8215,0.6881,uptrend,1.0,59.66,up,0.4069,0.6566010065660192,1.3431990134319778,0.3233010032330065,0.10110100101101122,-0.12109900121098408,-0.5654990056549944,4406
166,2020-02-17,10:34:24,buy,signal,9.0109,27.89,40.88,13.0,-13.76,105927.16,0.2548,0.2849,0.2259,0.2119,0.4526,0.2847,uptrend,1.0,41.75,up,0.2119,0.5448956264080285,1.4526850814013992,0.21196550843977732,-0.00998790353904359,-0.23194131551786454,-0.8978015514543469,3873
167,2020-02-18,09:43:25,buy,signal,9.1009,41.12,56.53,15.41,-16.38,106341.73,0.5197,0.5865,0.4937,0.6493,0.8816,0.5372,uptrend,1.0,67.39,up,0.6493,5.154435275632091,2.317353228801534,3.616125877660456,0.20986935358041398,0.20986935358041398,-0.33952685998087045,16165
169,2020-02-18,13:21:22,buy,signal,9.1009,39.57,53.1,13.53,-14.38,106325.87,0.4825,0.5278,0.4269,0.6818,0.888,0.6255,uptrend,1.0,63.79,up,0.6818,5.154435275632091,0.22964761726861357,3.616125877660456,-0.009889131844099801,0.31974859629269037,-0.009889131844099801,7626
171,2020-02-19,09:33:14,buy,signal,9.551,38.29,55.93,17.64,-19.1,108296.22,0.5626,0.65,0.5159,0.7255,0.852,0.8255,uptrend,1.0,71.55,up,0.7255,8.575018322688715,0.21987226468433455,5.748089205318809,-0.01047010784210497,0.408334205842317,2.0835514605800425,14182
176,2020-02-20,09:32:48,buy,signal,10.111,0.0,29.45,29.45,-32.55,110523.99,0.2627,0.145,0.2833,0.4865,0.4782,0.0421,uptrend,1.0,42.52,up,0.5021,3.3527840965285196,4.658292948274157,2.067055681930567,0.48462071011768854,0.5835228958559913,0.08901196716446014,16506
177,2020-02-21,09:32:24,buy,signal,10.431,30.1,43.54,13.44,-14.99,111537.81,0.2732,0.2525,0.253,0.3536,0.4165,0.2398,uptrend,1.0,43.54,up,0.3536,3.058191927907208,2.406288946409735,-1.0641357492090777,0.08628127696290233,0.6614897900489007,1.4284344741635597,3580
178,2020-02-21,09:32:46,buy,signal,10.451,43.59,57.43,13.84,-15.44,111613.95,0.4166,0.4777,0.3744,0.4876,0.8009,0.6082,uptrend,1.0,57.42,up,0.4876,2.8609702420820926,2.5930532963352864,-1.2534685676011885,0.3731700315759229,0.4688546550569274,1.3300162663859856,3444
181,2020-02-24,09:30:00,buy,signal,11.3511,29.02,59.04,30.02,-34.18,113909.15,0.5943,0.7067,0.5199,0.7814,0.9803,2.4179,uptrend,1.0,74.61,up,0.7814,-0.00969069077006624,3.9740641876117753,-0.00969069077006624,-0.4501766348635808,-0.18588506840747207,-0.18588506840747207,124
185,2020-02-25,10:00:24,buy,signal,11.2011,15.72,31.24,15.52,-17.44,112371.53,0.1461,0.1017,0.233,-0.0451,0.1872,0.0847,uptrend,1.0,31.24,up,0.2978,11.149797787717269,4.741498602815798,6.864504379034204,-0.009820464061574212,-0.6347590861611762,-0.9918668702181073,29537
186,2020-02-25,10:10:26,buy,signal,11.1511,31.15,44.12,12.98,-14.56,112198.8,0.2792,0.2605,0.2269,0.4208,0.481,0.1838,uptrend,1.0,44.12,up,0.4208,11.648178206634322,4.3143725731093765,7.343670131197828,-0.009864497672868263,-0.5479280071024358,-0.4582507555308439,27697
190,2020-02-26,11:17:12,buy,signal,11.3211,0.0,14.04,14.04,-15.85,112847.3,0.047,0.0235,-0.0097,-0.0239,-0.0181,0.0244,uptrend,1.0,21.64,up,0.2228,1.4035738576640162,4.8679015290033645,-4.8679015290033645,-0.18637764881503377,-0.6280308450592212,0.25527554742913805,1200
191,2020-02-26,11:27:48,buy,signal,11.3111,14.03,30.0,15.97,-18.02,112813.49,0.2267,0.2298,0.3229,-0.0143,0.0879,0.1577,uptrend,1.0,39.03,up,0.2213,1.4932234707499776,4.7837964477371795,-4.7837964477371795,-0.009724960437085808,0.962771083272186,-0.0981336916833818,390
193,2020-08-10,09:41:52,buy,signal,11.0311,3.12,18.32,15.19,-16.77,110344.93,0.2165,0.192,0.1532,0.33,0.2721,0.2464,uptrend,1.0,38.05,up,0.3448,-0.00997180698208691,6.44631994995966,-4.905222507274887,-0.2819301792205705,-0.553888551459054,-1.2791108774283597,2
195,2020-08-11,09:33:30,buy,signal,10.6211,0.0,23.44,23.44,-25.7,109653.82,0.5226,0.5295,0.5262,0.7421,0.9572,0.4058,uptrend,0.8,54.96,up,1.0,4.320644754309816,0.10450894916723104,0.7428609089453925,0.46040428957452356,0.9311653218593218,0.5545564960314798,23253
197,2020-08-12,09:34:05,buy,trailing_stop,10.7011,3.47,20.0,16.53,-18.13,109658.87,0.1928,0.0614,0.336,0.1493,0.1748,-0.1241,uptrend,0.8,20.0,up,1.0,0.9242040537888667,7.95338796946109,-3.9351094747269055,-0.1971759912532409,-0.1971759912532409,0.5504107054414921,1475
